40,32,32,32,1,8,0,0,0,0,0,0
"ÉåÉCÉÑÅ[0","aaa.jpg",1
164,164,164,164,164,164,164,164,164,164,164,164,164,164,164,164,164,164,164,164,164,164,164,164,164,164,164,164,164,164,164,164,164,164,164,164,164,164,164,164
164,164,164,164,164,164,164,164,164,164,164,164,164,164,164,164,164,164,164,164,164,164,164,164,164,164,164,164,164,164,164,164,164,164,164,164,164,164,164,164
164,164,164,164,164,164,164,164,164,164,164,164,164,164,164,164,164,164,164,164,164,164,164,164,164,164,164,164,164,164,164,164,164,164,164,164,164,164,164,164
164,164,164,164,164,164,164,164,164,164,164,164,164,164,164,164,164,164,164,164,164,164,164,164,164,164,164,164,164,164,164,164,164,164,164,164,164,164,164,164
164,164,164,164,164,164,164,164,164,164,164,164,164,164,164,164,164,164,164,164,164,164,164,164,164,164,164,164,164,164,164,164,164,164,164,164,164,164,164,164
164,164,164,164,164,164,164,164,164,164,164,164,164,164,164,164,164,164,164,164,164,164,164,164,164,164,164,164,164,164,164,164,164,164,164,164,164,164,164,164
164,164,164,164,164,164,164,164,164,164,164,164,164,164,164,164,164,164,164,164,164,164,164,164,164,164,164,164,164,164,164,164,164,164,164,164,164,164,164,164
164,164,164,164,164,164,164,164,164,164,164,164,164,164,164,164,164,164,164,164,164,164,164,164,164,164,164,164,164,164,164,164,164,164,164,164,164,164,164,164
164,164,164,164,164,164,164,164,164,164,164,164,164,164,164,164,164,164,164,164,164,164,164,164,164,164,164,164,164,164,164,164,164,164,164,164,164,164,164,164
164,164,164,164,164,164,164,164,164,164,164,164,164,164,164,164,164,164,164,164,164,164,164,164,164,164,164,164,164,164,164,164,164,164,164,164,164,164,164,164
164,164,164,164,164,164,164,164,164,164,164,164,164,164,164,164,164,164,164,164,164,164,164,164,164,164,164,164,164,164,164,164,164,164,164,164,164,164,164,164
164,164,164,164,164,164,164,164,164,164,164,164,164,164,164,164,164,164,164,164,164,164,164,164,164,164,164,164,164,164,164,164,164,164,164,164,164,164,164,164
164,164,164,164,164,164,164,164,164,164,164,164,164,164,164,164,164,164,164,164,164,164,164,164,164,164,164,164,164,164,164,164,164,164,164,164,164,164,164,164
164,164,164,164,164,164,164,164,164,164,164,164,164,164,164,164,164,164,164,164,164,164,164,164,164,164,164,164,164,164,164,164,164,164,164,164,164,164,164,164
164,164,164,164,164,164,164,164,164,164,164,164,164,164,164,164,164,164,164,164,164,164,164,164,164,164,164,164,164,164,164,164,164,164,164,164,164,164,164,164
164,164,164,164,164,164,164,164,164,164,164,164,164,164,164,164,164,164,164,164,164,164,164,164,164,164,164,164,164,164,164,164,164,164,164,164,164,164,164,164
164,164,164,164,164,164,164,164,164,164,164,164,164,164,164,164,164,164,164,164,164,164,164,164,164,164,164,243,243,243,243,243,243,243,243,243,243,243,243,39
164,164,164,164,164,164,164,164,164,164,164,164,164,164,164,164,164,164,164,164,164,164,164,164,164,243,243,243,243,243,243,243,243,243,243,68,69,243,243,55
164,164,164,164,164,164,164,164,164,164,164,164,164,164,164,164,164,164,164,164,164,164,164,243,243,243,243,243,243,243,243,243,243,243,243,68,69,243,243,71
164,164,164,164,164,164,164,164,164,164,164,164,164,164,164,164,164,164,164,164,164,243,243,243,243,243,243,243,243,243,243,243,243,243,243,84,85,243,243,87
164,164,164,164,164,164,164,164,164,164,164,164,164,164,164,164,164,164,164,243,243,243,243,243,243,243,243,243,164,164,164,164,164,164,164,164,164,164,164,103
164,164,164,164,164,164,164,164,164,164,164,164,164,164,164,164,164,243,243,243,243,243,243,243,243,243,243,243,243,243,243,243,243,243,243,243,243,243,243,119
164,164,164,164,164,164,164,164,164,164,164,164,164,164,164,243,243,243,243,243,243,243,243,243,243,243,243,243,243,243,243,243,243,243,243,243,243,243,243,39
164,164,164,164,164,164,164,164,164,164,164,164,164,243,243,243,243,243,243,243,243,243,243,243,243,243,243,243,243,243,243,243,243,243,243,243,243,243,243,55
164,164,164,164,164,164,164,164,164,164,164,243,243,243,243,243,243,243,243,243,243,243,243,170,171,243,243,243,243,243,243,243,243,243,243,243,243,243,243,71
164,164,164,164,164,164,164,164,164,243,243,243,243,243,243,243,243,243,243,243,243,243,243,186,187,243,243,243,243,243,243,243,243,243,243,243,243,243,243,87
164,164,164,164,164,164,164,243,243,243,243,243,243,243,243,243,243,243,243,243,243,243,243,170,171,243,243,243,243,243,243,243,243,243,243,243,243,243,243,103
164,164,164,164,243,243,243,243,243,243,243,243,243,243,243,243,243,243,243,243,243,243,243,186,187,243,243,243,243,243,243,243,243,243,243,243,243,243,243,55
164,164,243,243,243,243,243,243,243,243,243,243,243,243,243,243,243,243,243,243,243,243,243,186,187,243,243,243,243,243,243,243,243,243,243,243,243,243,243,71
243,243,243,243,243,243,243,243,243,243,243,170,171,170,171,170,171,170,171,170,171,170,171,170,171,243,243,243,243,243,243,243,243,243,243,243,243,243,243,87
243,243,243,243,243,243,243,243,243,243,243,186,187,186,187,186,187,186,187,186,187,186,187,186,187,243,243,243,243,243,243,243,243,243,243,243,243,243,243,103
115,115,115,115,115,115,115,115,115,115,115,115,115,115,115,115,115,115,115,115,115,115,115,115,115,115,115,115,115,115,115,115,181,181,181,181,181,181,181,119

